0255400656;41.542621000000;2.110951200000
0255400665;41.541808300000;2.106842500000
0255400702;41.540602000000;2.107219200000
0255401013;41.544904700000;2.106070000000
0255401208;41.538617400000;2.109676200000
0255401548;41.541000300000;2.108541000000
0255401549;41.542065200000;2.108301600000
0255401550;41.543864000000;2.107915400000
0255401552;41.545444700000;2.108235500000
0255401830;41.541483200000;2.110152000000
0255401831;41.542395700000;2.109858100000
0255401832;41.545456700000;2.108940400000
0255402706;41.545478100000;2.109555800000
0255402708;41.548107500000;2.108817600000
0255402709;41.548158400000;2.108598600000
0255402710;41.550153500000;2.107619700000
0255402711;41.552065600000;2.106271200000
0255402782;41.546259700000;2.111976700000
0255402808;41.544043100000;2.110311500000
0255402851;41.543325800000;2.110652000000
0255403394;41.545613800000;2.109828200000
0255558808;41.543425600000;2.103068300000
0255742676;41.541818400000;2.111350000000
0259184345;41.545379800000;2.106829600000
0259184839;41.543120700000;2.109638400000
0259184840;41.542857100000;2.108138500000
0259184841;41.542531700000;2.106672500000
0259189436;41.541094600000;2.111686900000
0259190296;41.544906300000;2.109886800000
0259190436;41.545833300000;2.110622400000
0259190437;41.546787900000;2.109894500000
0259437087;41.540766500000;2.110492900000
0259437088;41.540334600000;2.108892100000
0259437089;41.539954000000;2.107516500000
0259437135;41.540001100000;2.110859200000
0259437136;41.539546700000;2.109258600000
0259437252;41.543877300000;2.109419200000
0259437253;41.543616500000;2.107989600000
0259437327;41.543465500000;2.107361800000
0259437330;41.543028600000;2.106554900000
0259437343;41.543850900000;2.107250200000
0259437344;41.543735300000;2.106374700000
0259437802;41.544785300000;2.109133300000
0259437804;41.545635900000;2.108224100000
0259437805;41.545943100000;2.108128600000
0259437827;41.546080200000;2.108750400000
0259437888;41.545752400000;2.106743800000
0259437889;41.545797300000;2.107052800000
0259437890;41.545903200000;2.107729400000
0259437891;41.546222300000;2.109170300000
0259437905;41.546388300000;2.106494900000
0259437906;41.546786600000;2.106331800000
0259438057;41.545366900000;2.106649400000
0259438058;41.544307000000;2.105224600000
0259438059;41.543720100000;2.104462400000
0259438060;41.543028800000;2.103413400000
0259438132;41.546060700000;2.105868300000
0259438133;41.545534000000;2.105224600000
0259438134;41.544840200000;2.104366300000
0259438135;41.544454700000;2.103962900000
0259438136;41.544133600000;2.103671000000
0259438182;41.544628200000;2.104589400000
0259438183;41.544480400000;2.104838300000
0259438253;41.546733900000;2.107857800000
0259438254;41.546194200000;2.105758500000
0259438265;41.546304800000;2.105705200000
0259438266;41.546497500000;2.105696600000
0259438267;41.546786700000;2.105734900000
0259438268;41.547180300000;2.105867700000
0430020072;41.551081600000;2.102372500000
0430020073;41.546686500000;2.104763300000
0430020089;41.548260500000;2.103914700000
0430020090;41.546132400000;2.099331600000
0430020091;41.547547500000;2.104296500000
0667003167;41.548978000000;2.103505800000
0960085122;41.546266000000;2.104748300000
0960085123;41.546316700000;2.103968300000
0960085124;41.545743600000;2.104934500000
0960085125;41.547886100000;2.105475100000
0960085126;41.551386800000;2.103574400000
0960085129;41.548240800000;2.106649400000
0960085133;41.550760900000;2.101104600000
0960085134;41.549184300000;2.108067100000
0960085135;41.546631400000;2.109744100000
0960085136;41.546416400000;2.109501500000
0960085137;41.546326100000;2.109328900000
0960085138;41.547494100000;2.106254100000
0960085139;41.548041800000;2.106846900000
0960085140;41.549497700000;2.105462100000
0960085141;41.551476400000;2.103933200000
0960085142;41.547169000000;2.107648400000
0960085143;41.548884300000;2.106091700000
0960085144;41.550865800000;2.104291800000
0961087310;41.546626100000;2.101075400000
0961087311;41.547343300000;2.100691600000
0961087319;41.550742300000;2.103882600000
0961087320;41.550419100000;2.102736400000
0961087325;41.550066800000;2.101487100000
0961087336;41.547667900000;2.101831800000
0961087337;41.547917500000;2.102682000000
0961087341;41.546219000000;2.103606000000
0961087347;41.545951600000;2.102709300000
0961087349;41.548623900000;2.102288100000
0961087351;41.549271900000;2.104683000000
0961087370;41.547206000000;2.103083600000
0961087372;41.546950500000;2.102202800000
0961560970;41.546564600000;2.108316400000
0961560977;41.546482200000;2.107953700000
0961560982;41.546076200000;2.108728700000
0965193242;41.548349000000;2.109417700000
0965193247;41.548095900000;2.108781200000
0965459173;41.546963300000;2.107746400000
0965631454;41.546924800000;2.108658800000
0965631456;41.546861600000;2.108656900000
0965631457;41.546853000000;2.108957700000
0965631459;41.548247300000;2.108657200000
0965631465;41.546865900000;2.108261800000
0965631467;41.546787600000;2.108221700000
0965631469;41.546741100000;2.108254900000
0965631472;41.546505100000;2.108536200000
0965631474;41.546203300000;2.109180400000
0965631475;41.546575700000;2.108988300000
0965631476;41.546758400000;2.108945600000
0965631484;41.545825700000;2.106227200000
0965631485;41.545873900000;2.106345200000
0965631486;41.545697200000;2.106506100000
0965631487;41.545746300000;2.106690900000
0965631488;41.545421100000;2.106766000000
0965631490;41.545425100000;2.106664100000
0965631496;41.548194400000;2.104038500000
0965631499;41.547600200000;2.104338900000
0965631500;41.547897300000;2.105358100000
0965631501;41.548483500000;2.105036300000
0966366364;41.546473800000;2.108375600000
0966366884;41.546136900000;2.108680100000
0966366900;41.546101800000;2.108531300000
1389700922;41.547067200000;2.109213900000
1389700930;41.546904900000;2.109233200000
1389700934;41.546889700000;2.109018000000
1389700939;41.546917100000;2.108952800000
1389700959;41.546804200000;2.109271100000
1389700964;41.546809400000;2.109555900000
1389700969;41.546786300000;2.109820400000
1389700974;41.546853100000;2.109878200000
1389700992;41.546837700000;2.109700600000
1389700995;41.546848000000;2.109388600000
1389700998;41.547037800000;2.109326600000
1389701000;41.547083800000;2.109321200000
1389701002;41.547081100000;2.109295900000
1389701020;41.547071300000;2.109258100000
1389701038;41.547475900000;2.108898100000
1389701052;41.547515100000;2.109688100000
1389701062;41.547484400000;2.109219900000
1389701072;41.548218200000;2.109095600000
1389701095;41.549127300000;2.108646000000
1389701098;41.548880900000;2.108764200000
1389701101;41.547290700000;2.109253300000
1389701114;41.547408900000;2.109723800000
1389701134;41.548993000000;2.108180300000
1389701140;41.549299200000;2.108527300000
1389701150;41.549126700000;2.108113300000
1389701164;41.549326500000;2.108553500000
1389701167;41.549899700000;2.109030400000
1389701172;41.550125500000;2.109218300000
1389701174;41.550187600000;2.109286900000
1389701176;41.550260600000;2.109395300000
1389701179;41.551165000000;2.110744600000
1389701187;41.551396200000;2.111091500000
1389701191;41.551493500000;2.111212500000
1389701194;41.551636800000;2.111362400000
1389701196;41.552255900000;2.111971100000
1389701206;41.552843900000;2.112554600000
1389701264;41.550481400000;2.107417800000
1444703283;41.546191100000;2.099525600000
1444703427;41.545514200000;2.109615400000
1444703448;41.543842500000;2.104500400000
1444703455;41.545454700000;2.108254500000
1444703495;41.546909700000;2.099190000000
1444703519;41.544766700000;2.105764200000
1444703585;41.543194100000;2.103318500000
1444703660;41.544395200000;2.105232200000
1444703731;41.545419000000;2.107193200000
1444703779;41.543107000000;2.103021900000
1444703792;41.544037900000;2.104758500000
1444703800;41.545488100000;2.109526800000
1444703934;41.545458200000;2.108874100000
1444704041;41.546173300000;2.099395500000
1444704046;41.546939900000;2.099300400000
1444704108;41.542981300000;2.102586300000
1444704207;41.543559200000;2.104140300000
1444704332;41.543399900000;2.103916900000
1444704343;41.543319800000;2.103762200000
1444849785;41.538667300000;2.109649000000
1444849868;41.539098100000;2.111262800000
1444849926;41.539473100000;2.112460000000
1446249061;41.550180900000;2.104839700000
1446249069;41.550997300000;2.110494400000
1446249091;41.550861000000;2.107213400000
1446249110;41.549329600000;2.101893200000
1446249183;41.550016300000;2.104277800000
1446249250;41.552087000000;2.111805000000
1446249382;41.549859700000;2.112849300000
1446249398;41.551473900000;2.111188200000
1446249442;41.550568500000;2.109854600000
1446249518;41.549691700000;2.103134700000
1446292938;41.546932100000;2.108334200000
1446292942;41.546994300000;2.108100800000
1446292950;41.547130200000;2.108353200000
1446292951;41.547010400000;2.107897100000
1446292952;41.546974700000;2.107877000000
1446292953;41.546926100000;2.107816500000
1446292955;41.546976300000;2.108353000000
1446292956;41.547028500000;2.108028400000
1446292958;41.545269000000;2.106447100000
1446292961;41.547243600000;2.108109600000
1446292963;41.546928100000;2.108358300000
1446292964;41.546980300000;2.108261800000
1446292970;41.546926100000;2.108130300000
1446292972;41.546799600000;2.108261900000
1446292974;41.546827700000;2.108277900000
1446292976;41.545408400000;2.106770700000
1446292980;41.547042500000;2.107985600000
1446292991;41.547088200000;2.108297800000
1446293004;41.545390900000;2.106663700000
1446293006;41.546896000000;2.108326300000
1446293008;41.545472300000;2.109203900000
1446293010;41.547036500000;2.108327900000
1446293014;41.547038500000;2.107939900000
1446293019;41.546490900000;2.107991700000
1446293022;41.546936700000;2.107877100000
1446293024;41.546974300000;2.108310100000
1446293027;41.546986300000;2.108076700000
1446293028;41.546885200000;2.108354600000
1446293033;41.545348700000;2.106550000000
1446297514;41.549903000000;2.106777600000
1446297574;41.548704500000;2.109247800000
1446297590;41.548620200000;2.107441200000
1446297597;41.550185000000;2.113639100000
1446297687;41.548890200000;2.109154700000
1446297702;41.549736300000;2.111123700000
1446297712;41.552367100000;2.112081400000
1446297714;41.549663000000;2.108833500000
1446297719;41.549431200000;2.110358500000
1446297728;41.551568900000;2.106646100000
1446297793;41.549025700000;2.109086800000
1446297816;41.549166400000;2.109047900000
1446297818;41.549551600000;2.109020300000
1446297820;41.550687200000;2.110031600000
1446297846;41.548601500000;2.105092800000
1446297863;41.549188200000;2.107136900000
1446297880;41.551375300000;2.106030700000
1446297887;41.550624500000;2.106409500000
1446297888;41.549725800000;2.112530300000
1446297970;41.549439200000;2.109017100000
1446297985;41.549091000000;2.111031500000
1446298035;41.550174500000;2.109272400000
1446415476;41.558367100000;2.097181900000
1446460463;41.550292000000;2.113939900000
1446460832;41.550257200000;2.113815500000
1446521091;41.552978900000;2.112677900000
1449178113;41.547899700000;2.108861400000
1450697818;41.544516500000;2.107067100000
1450697820;41.544663700000;2.108084600000
1450697823;41.544395900000;2.106202600000
1484909818;41.546487100000;2.108439700000
1484909821;41.546892400000;2.108318700000
1484909830;41.546952100000;2.108356900000
1484909832;41.547006200000;2.108343200000
1484909834;41.547159100000;2.108425000000
1625397084;41.545533400000;2.105229100000
1626526528;41.540386300000;2.112038400000
1685943111;41.547807100000;2.106484400000
1793441250;41.548481100000;2.108439700000
1793441253;41.548395600000;2.108055300000
1793443016;41.548152300000;2.108567600000
1793443018;41.548118600000;2.108226900000
1793443034;41.548383500000;2.108085600000
1793443036;41.548861600000;2.107707300000
1842749100;41.539623100000;2.109220100000
1842749101;41.540062800000;2.110829700000
1898582613;41.548559700000;2.108925300000
1944695882;41.546779800000;2.109093500000
1944695886;41.546847500000;2.109807900000
1944695892;41.546898200000;2.109691700000
1944695893;41.546906400000;2.109230500000
1944695895;41.546907900000;2.109798000000
1944695898;41.547015700000;2.109004900000
1944695900;41.547041400000;2.109359000000
1944695901;41.547045400000;2.109670100000
1944695903;41.547048500000;2.109409600000
1944695907;41.547077300000;2.109573100000
1944695912;41.547085500000;2.109631400000
1944695915;41.547120300000;2.109622600000
1944695917;41.547138800000;2.109753000000
1944695919;41.547141900000;2.109247500000
1944695920;41.547143400000;2.109385700000
1944695922;41.547158900000;2.108991400000
1944695924;41.547166600000;2.109550600000
1944695926;41.547194000000;2.109239900000
1944695928;41.547197500000;2.109319600000
1944695929;41.547214900000;2.109412600000
1944695931;41.547221300000;2.108986600000
1944695932;41.547235000000;2.109235900000
1944695934;41.547236900000;2.109592100000
1944695937;41.547241900000;2.109626000000
1944695939;41.547255400000;2.109723600000
1944695950;41.547270200000;2.108984200000
1944695953;41.547320900000;2.109385900000
1944695954;41.547326900000;2.108979500000
1944695956;41.547345000000;2.109284300000
1944695958;41.547359700000;2.109597000000
1944695959;41.547366000000;2.109384200000
1944695961;41.547382800000;2.109475100000
1944695962;41.547400500000;2.109576900000
1944695964;41.547420600000;2.109675300000
1944695966;41.547451600000;2.108986900000
1944695967;41.547461700000;2.109273100000
1944695969;41.547465800000;2.109200500000
1944695971;41.547465900000;2.109355000000
1944695972;41.547476000000;2.109443600000
1944695974;41.547483600000;2.109557900000
1944695975;41.547491900000;2.109659500000
1944695986;41.547521000000;2.108966500000
1944695987;41.547534200000;2.109186200000
1944695989;41.547595200000;2.108959200000
1944695990;41.547606900000;2.109173100000
1944695992;41.547646400000;2.108954200000
1944695995;41.547659100000;2.109164600000
1944695996;41.547717900000;2.108947200000
1944695998;41.547728800000;2.109151400000
1944696002;41.547791900000;2.108940000000
1944696004;41.547802700000;2.109136900000
1944871373;41.547043600000;2.109588600000
1944871376;41.547079400000;2.109588000000
1944871380;41.547214900000;2.109412300000
1944871383;41.547257700000;2.109401800000
1944921279;41.547059500000;2.107865500000
1944921294;41.547135900000;2.107960100000
1944921295;41.547119000000;2.108254200000
1944921298;41.547140200000;2.108378000000
1944921315;41.547280600000;2.107553200000
1944921450;41.547824100000;2.108487300000
1944921501;41.547926200000;2.108505300000
1944921529;41.548117300000;2.108028100000
1944921532;41.548141200000;2.108501100000
1944921533;41.548161200000;2.107668200000
1944921534;41.548189200000;2.107955700000
1944921535;41.548206100000;2.108180200000
1944921536;41.548239500000;2.107797500000
1944921545;41.548277000000;2.108142400000
1944921547;41.548279900000;2.107864300000
1944921549;41.548399300000;2.108073200000
1945585326;41.548128400000;2.108339000000
1945585327;41.548178200000;2.108197900000
1945585328;41.548204300000;2.108321700000
1945672704;41.545470400000;2.108236100000
1945672711;41.545473600000;2.108265400000
1945672717;41.545478400000;2.108454100000
1945672722;41.545480600000;2.108927000000
1945672727;41.545481600000;2.108236400000
1945672733;41.545483100000;2.108637400000
1945672736;41.545484200000;2.108688800000
1945672740;41.545487800000;2.108819500000
1945672743;41.545489500000;2.108887800000
1945672745;41.545538400000;2.108237700000
1945672747;41.545562600000;2.108260100000
1945672751;41.545574700000;2.108232600000
1945672757;41.545585900000;2.108435200000
1945672762;41.545597100000;2.108566200000
1945672767;41.545603100000;2.108632900000
1945672775;41.545609500000;2.108680100000
1945672779;41.545610100000;2.108685200000
1945672785;41.545614600000;2.108884400000
1945672790;41.545623100000;2.108769200000
1945672813;41.545635700000;2.108843000000
1945672815;41.545650800000;2.108667600000
1945672817;41.545658500000;2.108712900000
1945672819;41.545678500000;2.108830000000
1945672822;41.545708300000;2.108697100000
1945672829;41.545728300000;2.108814800000
1945672833;41.545728400000;2.108213500000
1945672837;41.545733400000;2.108256500000
1945672842;41.545795300000;2.108670300000
1945672852;41.545815400000;2.108788300000
1945672856;41.545898900000;2.108148500000
1945672886;41.545900200000;2.108200600000
1945672897;41.545956200000;2.108621300000
1945672908;41.545958600000;2.108187400000
1945672910;41.545975500000;2.108264900000
1945672913;41.545976300000;2.108739300000
1945672918;41.546003100000;2.108438500000
1945672923;41.546054400000;2.108757400000
1945672926;41.546066400000;2.108711900000
1945672929;41.546072000000;2.108709400000
1946430273;41.545501700000;2.108961800000
1946430274;41.545503400000;2.109447700000
1946430275;41.545505000000;2.109206400000
1946430276;41.545514200000;2.109200800000
1946430277;41.545545700000;2.109291100000
1946430278;41.545563800000;2.108933800000
1946430280;41.545592300000;2.109152200000
1946430281;41.545607900000;2.108918200000
1946430282;41.545622800000;2.109133200000
1946430283;41.545623800000;2.109242500000
1946430284;41.545639300000;2.109615800000
1946430286;41.545665800000;2.109111900000
1946430287;41.545681500000;2.108899000000
1946430290;41.545689300000;2.109340300000
1946430292;41.545702900000;2.109578100000
1946430293;41.545721800000;2.108888300000
1946430294;41.545781900000;2.110019400000
1946430295;41.545727900000;2.109319700000
1946430296;41.545747700000;2.109551600000
1946430299;41.545785300000;2.109831700000
1946430301;41.545833100000;2.109987900000
1946430307;41.545795600000;2.109284800000
1946430309;41.545796600000;2.108867700000
1946430312;41.545817600000;2.109510200000
1946430314;41.545757600000;2.110035000000
1946430315;41.545831100000;2.109266000000
1946430316;41.545831500000;2.109804300000
1946430317;41.545831900000;2.109805400000
1946430321;41.545869100000;2.108848600000
1946430326;41.545901700000;2.109763600000
1946430327;41.545901800000;2.109764000000
1946430329;41.545903500000;2.109231100000
1946430330;41.545922100000;2.109448300000
1946430339;41.545978300000;2.109199400000
1946430341;41.545984100000;2.108825200000
1946430343;41.545990200000;2.109653400000
1946430344;41.546006200000;2.109701700000
1946430350;41.546083200000;2.109152900000
1946430351;41.546095600000;2.108797700000
1946430356;41.546164700000;2.109312200000
1946430357;41.546183700000;2.109108400000
1946430360;41.546221500000;2.109853200000
1946430363;41.546252600000;2.109493100000
1946430369;41.546322400000;2.109949300000
1946430370;41.546366100000;2.109990800000
1946430371;41.546407800000;2.109549600000
1946430372;41.546453100000;2.109609000000
1946430373;41.546459100000;2.110079400000
1946430374;41.546477200000;2.110092500000
1946430375;41.546480500000;2.109681700000
1946430377;41.546494000000;2.110055400000
1946430379;41.546501000000;2.109648300000
1946430380;41.546507400000;2.110064400000
1946430382;41.546522500000;2.109638000000
1946430383;41.546524200000;2.110030700000
1946430385;41.546538500000;2.110039700000
1946430386;41.546553600000;2.110008300000
1946430388;41.546566200000;2.110016200000
1946430389;41.546583000000;2.109985900000
1946430391;41.546595600000;2.109992600000
1946430394;41.546614100000;2.109958900000
1946430401;41.546630000000;2.109965700000
1946430403;41.546638400000;2.109929700000
1946430404;41.546646000000;2.109936500000
1946430406;41.546675400000;2.109865800000
1946430436;41.546999400000;2.109837500000
1946507420;41.547380000000;2.109698600000
1946520971;41.548352400000;2.111542200000
1946615138;41.545333400000;2.109781100000
1946615150;41.545439500000;2.109714200000
1946615155;41.545456200000;2.110128400000
1946615176;41.545562200000;2.110061500000
1946714039;41.546291300000;2.108613900000
1946714042;41.546307400000;2.108692600000
1946714047;41.546398300000;2.108575000000
1946714069;41.546414200000;2.108653100000
1947127103;41.547524600000;2.109242000000
1947127106;41.547555700000;2.109628800000
1947127109;41.547568000000;2.109231600000
1947127114;41.547614800000;2.109222700000
1947127123;41.547662600000;2.109600600000
1947127128;41.547701600000;2.109588700000
1947127131;41.547719400000;2.109198900000
1947127141;41.547781800000;2.109564900000
1947170039;41.549161400000;2.111194500000
1947170042;41.549275200000;2.111458200000
1947170044;41.548351800000;2.111574100000
1952224954;41.544575800000;2.109240800000
1952224956;41.544597000000;2.109383100000
1952224962;41.544624500000;2.109375900000
1952224964;41.544659100000;2.109366700000
1952224971;41.544701800000;2.109355300000
1952224993;41.544733400000;2.109831000000
1952224996;41.544737900000;2.109345600000
1952224997;41.544769100000;2.109193900000
1952224999;41.544775500000;2.109815200000
1952225000;41.544789600000;2.109331900000
1952225002;41.544810100000;2.109803100000
1952225004;41.544859000000;2.109785600000
1952534645;41.544817500000;2.109161400000
1952534646;41.544851900000;2.109425300000
1952534656;41.544896800000;2.109750900000
1952534658;41.544911900000;2.109129400000
1952534660;41.544938900000;2.109373400000
1952534661;41.544942000000;2.109401200000
1952534662;41.544942400000;2.109122200000
1952534663;41.544971500000;2.109357200000
1952534665;41.544972100000;2.109115800000
1952534666;41.544976200000;2.109709500000
1952534667;41.545000400000;2.109351000000
1952534668;41.545011600000;2.109690800000
1952534669;41.545039500000;2.109678400000
1952534670;41.545092000000;2.109076900000
1952534671;41.545119900000;2.109313400000
1952534672;41.545124200000;2.109345700000
1952534673;41.545138600000;2.109066500000
1952534674;41.545160000000;2.109617200000
1952534676;41.545174000000;2.109329400000
1952534677;41.545187400000;2.109050900000
1952534678;41.545207900000;2.109589900000
1952534683;41.545219100000;2.109303600000
1952534685;41.545236800000;2.109034200000
1952534687;41.545252200000;2.109568600000
1952534689;41.545267900000;2.109289200000
1952534691;41.545298800000;2.109543000000
1952534693;41.545342900000;2.109263100000
1952534695;41.545348900000;2.108999800000
1952534696;41.545374300000;2.109505000000
1952534697;41.545375900000;2.109239300000
1952534698;41.545377700000;2.109253100000
1952534699;41.545382500000;2.108991000000
1952534700;41.545408800000;2.109489300000
1952534701;41.545411400000;2.109230500000
1952534702;41.545416700000;2.108981400000
1952534703;41.545439100000;2.109002500000
1952534704;41.545441100000;2.109222600000
1952534705;41.545449700000;2.109473500000
1952866083;41.546317600000;2.109230300000
1952866086;41.546425900000;2.109466600000
1952866090;41.546441400000;2.109265700000
1952866094;41.546449100000;2.109512400000
1952866098;41.546454700000;2.109163800000
1952866102;41.546476800000;2.109248000000
1952866105;41.546477900000;2.109547900000
1952866109;41.546484500000;2.109441500000
1952866113;41.546523200000;2.109584800000
1952866117;41.546546400000;2.109512400000
1952866121;41.546551900000;2.109122400000
1952866125;41.546555300000;2.109556700000
1952866128;41.546585100000;2.109642400000
1952866133;41.546604400000;2.109518800000
1952866138;41.546609000000;2.109356700000
1952866153;41.546625200000;2.109423300000
1952866154;41.546627400000;2.109548600000
1952866156;41.546635400000;2.109465000000
1952866158;41.546637100000;2.109561200000
1952866161;41.546641500000;2.109490300000
1952866163;41.546656300000;2.109468500000
1952866165;41.546658500000;2.109447800000
1952866168;41.546659600000;2.109529100000
1952866172;41.546676900000;2.109309800000
1952866175;41.546688700000;2.109617900000
1952866178;41.546700500000;2.109591100000
1952866181;41.546715900000;2.109052800000
1952866185;41.546731500000;2.109665000000
1952866188;41.546736300000;2.109052800000
1952866192;41.546751900000;2.109059100000
1952866195;41.546799700000;2.109700800000
1952866198;41.546801800000;2.109682300000
1952866202;41.546807400000;2.109588700000
1952866204;41.546809700000;2.109374600000
1952866206;41.546810600000;2.109527600000
1952866226;41.546812700000;2.109481900000
1952866228;41.546813000000;2.109434500000
1952866230;41.546814000000;2.109453300000
1954479531;41.547084600000;2.108997700000
1954479532;41.547113800000;2.109088700000
1954479533;41.547118700000;2.109139000000
1954479534;41.547152700000;2.109126000000
1954479535;41.547171700000;2.109075800000
1954479536;41.547178500000;2.109242000000
1954483659;41.547228300000;2.109114800000
1954483662;41.547279000000;2.109109700000
1954483664;41.547280300000;2.109130700000
1954483666;41.547314800000;2.109090300000
1954483668;41.547317400000;2.109123600000
1954483670;41.547333300000;2.109088100000
1954485341;41.547825300000;2.108941100000
1954485342;41.547831400000;2.109089400000
1954485343;41.547844300000;2.109090500000
1954485344;41.547846000000;2.109126100000
1954485345;41.547908800000;2.108937700000
1954485346;41.547913900000;2.109115800000
1954485347;41.547969800000;2.108935400000
1954485348;41.547987000000;2.109100800000
1954485349;41.548115100000;2.108927600000
1954485350;41.548157000000;2.109074000000
1954485351;41.548170100000;2.109047600000
1954934752;41.545561500000;2.109685800000
1954934756;41.545563500000;2.109673000000
1954934765;41.545563500000;2.109698700000
1954934767;41.545568300000;2.109662000000
1954934769;41.545578000000;2.109651900000
1954934771;41.545599900000;2.109674800000
1954934773;41.545635700000;2.109892400000
1954934775;41.545670700000;2.109870400000
1954934777;41.545678500000;2.110005200000
1954934779;41.545712500000;2.109982500000
1954934781;41.545722300000;2.110007800000
1954934782;41.545743600000;2.109993500000
1954992079;41.548158600000;2.108860000000
1954992080;41.548175600000;2.108821000000
1954992081;41.548214000000;2.108730100000
1954992083;41.548244600000;2.108674400000
1954992085;41.548252300000;2.108885900000
1954992086;41.548253800000;2.109043000000
1954992087;41.548272300000;2.108854800000
1954992089;41.548274700000;2.109082000000
1954992090;41.548363100000;2.108877500000
1954992092;41.548365100000;2.108749000000
1954992095;41.548376700000;2.108856100000
1954992097;41.548378200000;2.108678300000
1954992099;41.548382600000;2.108982700000
1954992102;41.548427800000;2.108916400000
1954992105;41.548442300000;2.108569800000
1954992118;41.548447700000;2.108754900000
1954992121;41.548458400000;2.108884600000
1954992124;41.548470000000;2.108729500000
1954992128;41.548479900000;2.108760000000
1954992130;41.548481200000;2.108937900000
1954992131;41.548504500000;2.108749000000
1954992133;41.548519100000;2.108957300000
1954992134;41.548521400000;2.108742900000
1954992135;41.548529000000;2.108769500000
1954992137;41.548530300000;2.108915900000
1954992138;41.548539300000;2.108672400000
1954992139;41.548559200000;2.108873300000
1954992141;41.548566200000;2.108749000000
1954992142;41.548590500000;2.108645300000
1954992144;41.548591500000;2.108491300000
1954992146;41.548605200000;2.108851300000
1954992149;41.548650800000;2.108613300000
1954992152;41.548657500000;2.108824600000
1954992155;41.548717300000;2.108795200000
1954992158;41.548733700000;2.108418800000
1954992174;41.548848300000;2.108740800000
1955009292;41.547041400000;2.105852700000
1955009293;41.547189900000;2.105912200000
1955175239;41.546866300000;2.108493800000
1955175241;41.546883000000;2.108657500000
1955175243;41.547003200000;2.108356900000
1955175244;41.547004000000;2.108491500000
1955175246;41.547044500000;2.108490800000
1955175247;41.547089500000;2.108625700000
1955175249;41.547109700000;2.108295300000
1955175251;41.547116900000;2.108352000000
1955175252;41.547158400000;2.108363200000
1955175254;41.547185100000;2.108606500000
1955175255;41.547182300000;2.108581100000
1955175256;41.547186100000;2.108574900000
1955175257;41.547189200000;2.108566300000
1955175258;41.547190400000;2.108529800000
1955175259;41.547191900000;2.108555500000
1955175260;41.547192600000;2.108542300000
1955175263;41.547196200000;2.108461500000
1955175264;41.547214000000;2.108509300000
1955175266;41.547235400000;2.108596300000
1955175267;41.547244900000;2.108143600000
1955175269;41.547260400000;2.108591300000
1955175270;41.547266500000;2.108337200000
1955175272;41.547286000000;2.108396400000
1955175274;41.547314100000;2.108457200000
1955175276;41.547319500000;2.108376200000
1955175277;41.547350000000;2.108573300000
1955175279;41.547336800000;2.108269300000
1955175280;41.547367100000;2.108504800000
1955175281;41.547374600000;2.108324200000
1955175282;41.547394100000;2.108510600000
1955175283;41.547412000000;2.108560900000
1955175284;41.547409200000;2.108330000000
1955175285;41.547434700000;2.108326200000
1955175286;41.547476000000;2.108393600000
1955175287;41.547480800000;2.108472600000
1955175288;41.547496300000;2.108543900000
1955175289;41.547498400000;2.108493300000
1955175290;41.547519900000;2.108453800000
1955175291;41.547521800000;2.108440600000
1955175292;41.547557000000;2.108444700000
1955175293;41.547563100000;2.108222000000
1955175294;41.547567700000;2.107950200000
1955175295;41.547586400000;2.108148900000
1955175296;41.547609400000;2.108463800000
1955175297;41.547596100000;2.107750700000
1955175298;41.547622800000;2.108168800000
1955175299;41.547636500000;2.107991100000
1955175300;41.547656600000;2.108161500000
1955175301;41.547657800000;2.108309000000
1955175302;41.547694600000;2.108180200000
1955175303;41.547717400000;2.108472800000
1955175304;41.547712300000;2.107997100000
1955175305;41.547728000000;2.107580100000
1955175306;41.547740600000;2.108271300000
1955175307;41.547745100000;2.107968600000
1955175308;41.547785700000;2.107926900000
1955175309;41.547797500000;2.108044800000
1955175310;41.547819400000;2.108278800000
1955175311;41.547841000000;2.108114100000
1955175312;41.547866400000;2.107814200000
1955175314;41.547897000000;2.108373800000
1955175315;41.547920800000;2.108377100000
1955175316;41.547929000000;2.108201800000
1955175317;41.547931600000;2.108145900000
1955175318;41.547989200000;2.108088700000
1955175319;41.548032200000;2.108372500000
1955175320;41.548088500000;2.108527000000
1955175321;41.548082500000;2.108215400000
1955175322;41.548097300000;2.108506600000
1955175323;41.548205100000;2.108321200000
1955175324;41.548228700000;2.108456500000
1955175325;41.548258600000;2.108152200000
1955175326;41.548294900000;2.108218000000
1955175327;41.548302500000;2.108128800000
1955175328;41.548317100000;2.108406000000
1955175329;41.548407100000;2.108109700000
1955175330;41.548451800000;2.108329500000
1955175331;41.548474500000;2.108048000000
1955175332;41.548502600000;2.108104300000
1955175333;41.548530200000;2.108006100000
1955175334;41.548552400000;2.108286400000
1955175335;41.548571000000;2.107978600000
1955175336;41.548572900000;2.108127500000
1955175337;41.548582700000;2.108121700000
1955175338;41.548590200000;2.108172200000
1955175339;41.548612900000;2.108157800000
1955175340;41.548637800000;2.108241600000
1955175341;41.548639100000;2.108144100000
1955175342;41.548659000000;2.107908700000
1955175343;41.548764500000;2.108039500000
1955175344;41.548775100000;2.108401400000
1955175345;41.548802700000;2.108156000000
1955175346;41.548815300000;2.107773100000
1955175347;41.548816200000;2.108379700000
1955175348;41.548860600000;2.108360900000
1955175349;41.548890900000;2.108721500000
1955175350;41.548893400000;2.107941200000
1955175351;41.548929800000;2.108702700000
1955175352;41.548936200000;2.107906400000
1955175353;41.548948200000;2.108317600000
1955175354;41.548951500000;2.108032100000
1955175355;41.548965300000;2.108074000000
1955175356;41.548972500000;2.108680300000
1955175357;41.549011900000;2.108052500000
1955175358;41.549018800000;2.107994300000
1955175359;41.549058500000;2.108636900000
1955179710;41.548720800000;2.107459200000
1955179711;41.548749800000;2.107417600000
1955179712;41.548901900000;2.107669200000
1955179714;41.548958000000;2.107311900000
1955179716;41.549033000000;2.107563100000
1955179717;41.549054600000;2.107839000000
1955179719;41.549060100000;2.107541200000
1955179721;41.549110100000;2.107497900000
1955179723;41.549174300000;2.107757000000
1955179725;41.549179100000;2.107523200000
1955179727;41.549182200000;2.107982100000
1955179729;41.549212900000;2.107996900000
1955179731;41.549214600000;2.107493400000
1955179732;41.549214700000;2.107420600000
1955179734;41.549231800000;2.107996900000
1955179748;41.549239200000;2.107472600000
1955179749;41.549248300000;2.107994800000
1955179751;41.549286100000;2.107969500000
1955179756;41.549335000000;2.107936900000
1955179760;41.549374000000;2.107911600000
1955179762;41.549411900000;2.107888900000
1955263343;41.548993900000;2.107294700000
1955263345;41.549026600000;2.107277400000
1955263348;41.549062400000;2.107258000000
1955263368;41.549064000000;2.107536900000
1955263370;41.549091700000;2.107513800000
1955263372;41.549103000000;2.107235000000
1955263374;41.549126500000;2.107485800000
1955263376;41.549140300000;2.107214900000
1955263378;41.549162700000;2.107459000000
1955263381;41.549170600000;2.107198400000
1955263383;41.549197200000;2.107433500000
1955263385;41.549204000000;2.107179800000
1955263389;41.549226800000;2.107410600000
1955263395;41.549255900000;2.107386500000
1955263425;41.549491100000;2.107899100000
1955263534;41.549961100000;2.107720500000
1968088002;41.545313600000;2.109010900000
2029204873;41.548087500000;2.108218700000
2029204874;41.548092900000;2.108346900000
2029204875;41.548175100000;2.108186200000
2150815508;41.546036400000;2.108545400000
2319594872;41.542467900000;2.100323000000
2412854859;41.547722400000;2.106586100000
2412854860;41.546238800000;2.105641100000
2412854861;41.546452200000;2.104746200000
2412854863;41.546816500000;2.104743800000
2412854864;41.546935400000;2.104924000000
2412854865;41.546959300000;2.105029700000
2412854866;41.546969800000;2.104814200000
2412854867;41.546977300000;2.105025700000
2412854869;41.547031000000;2.104754300000
2412854871;41.547035500000;2.104780300000
2412854872;41.547202800000;2.105534700000
2412854873;41.547246100000;2.105502800000
2412854874;41.547311900000;2.105536700000
2412854875;41.547317800000;2.104600600000
2412854876;41.547325300000;2.104618600000
2412854877;41.547333100000;2.104468300000
2412854878;41.547334300000;2.105590600000
2412854879;41.547385100000;2.104588700000
2412854880;41.547409100000;2.104462600000
2412854882;41.547477700000;2.104638500000
2412854883;41.547493600000;2.104490900000
2412854885;41.547513500000;2.104730400000
2412854887;41.547527000000;2.104722400000
2412854889;41.547549600000;2.104550100000
2412854890;41.547607600000;2.105393000000
2412854891;41.547622600000;2.105444900000
2412854892;41.547643500000;2.105273200000
2412854893;41.547665800000;2.104907200000
2412854894;41.547679300000;2.105255300000
2412854895;41.547777400000;2.107092200000
2412854896;41.547777700000;2.105272700000
2412854898;41.548400600000;2.107225900000
2514338189;41.561695800000;2.096663800000
2694472439;41.545366800000;2.107168500000
2694472440;41.546916600000;2.106267200000
2694472441;41.546988800000;2.106264600000
2694472442;41.547055100000;2.106323600000
2694472443;41.547145400000;2.106312800000
2694472444;41.547324000000;2.106063000000
2988535156;41.545962100000;2.108250700000
2988535157;41.546013800000;2.108434200000
2988535158;41.546033700000;2.108596000000
2988535159;41.546086600000;2.108801500000
2988535160;41.546173000000;2.109113400000
3212198962;41.545139900000;2.109596300000
3212200713;41.545914400000;2.108101900000
3314869066;41.550282000000;2.113885200000
3382643232;41.547050400000;2.107766900000
3384458100;41.548593800000;2.108264700000
3384458101;41.548484800000;2.108300800000
3384458102;41.548423600000;2.108331100000
3384458103;41.547993700000;2.107334100000
3384471456;41.544937800000;2.109707100000
3384471457;41.545430500000;2.109415100000
3477486057;41.545570200000;2.105037900000
3520083662;41.547187800000;2.108232900000
3669038755;41.551258300000;2.103635800000
3669038756;41.551351800000;2.104006400000
3737278814;41.547436900000;2.106330000000
3737278815;41.547278600000;2.106151500000
3737278816;41.547193600000;2.106286000000
3737278817;41.547352000000;2.106464500000
3737291336;41.548168800000;2.108503800000
3737291337;41.548031500000;2.108823000000
3737291338;41.548148400000;2.108870900000
3762966035;41.547659200000;2.108435600000
3941276757;41.549078000000;2.107967600000
4201990056;41.548137000000;2.107797800000
4202012997;41.548423300000;2.108468100000
4233974595;41.549095500000;2.105812000000
4380799232;41.542686600000;2.101717100000
4380799234;41.555009600000;2.100263400000
4380799235;41.555103500000;2.100435100000
4380799236;41.547428900000;2.108703900000
4380799237;41.547442100000;2.108929700000
4380799238;41.561660500000;2.096439900000
4380799248;41.542680300000;2.101417700000
4380799257;41.548228400000;2.108625500000
4380799258;41.548167300000;2.108840000000
4380799259;41.549002700000;2.108491300000
4380799260;41.549340500000;2.108577700000
4380799263;41.553915300000;2.101865000000
4380799264;41.554020200000;2.101965200000
4380799267;41.568404600000;2.095796600000
4380799268;41.568427400000;2.095821200000
4380799271;41.571218300000;2.090076700000
4380799272;41.571208000000;2.090063200000
4406506627;41.546770100000;2.105918800000
4406506628;41.546793500000;2.105932100000
4406506629;41.546810600000;2.105789100000
4406506630;41.546857700000;2.106263600000
4406506631;41.546859500000;2.106783300000
4406506632;41.546860600000;2.106013800000
4406506633;41.546863500000;2.106839800000
4406506634;41.546865200000;2.106292700000
4406506635;41.546872000000;2.105976800000
4406506636;41.546875500000;2.106774900000
4406506637;41.546876600000;2.106336900000
4406506638;41.546887500000;2.106029300000
4406506639;41.546899300000;2.105992800000
4406506640;41.546925700000;2.107108500000
4406506641;41.546949400000;2.107152500000
4406506642;41.546966800000;2.106300200000
4406506643;41.546983200000;2.107217300000
4406506644;41.546984800000;2.106085200000
4406506645;41.546994000000;2.107238000000
4406506646;41.546994700000;2.106534800000
4406506647;41.546996300000;2.106049300000
4406506648;41.547011800000;2.107195500000
4406506649;41.547052800000;2.107365500000
4406506650;41.547072400000;2.107291200000
4406506651;41.547079200000;2.107345400000
4406506652;41.547099100000;2.107549400000
4406506653;41.547100500000;2.106977200000
4406506654;41.547103900000;2.106987100000
4406506655;41.547111900000;2.107600500000
4406506656;41.547113400000;2.106124900000
4406506657;41.547115900000;2.106117200000
4406506658;41.547120500000;2.106623300000
4406506659;41.547122800000;2.106568300000
4406506660;41.547130200000;2.106677400000
4406506661;41.547134200000;2.106511100000
4406506662;41.547135300000;2.106966500000
4406506663;41.547137600000;2.106701100000
4406506664;41.547146300000;2.106027000000
4406506665;41.547147900000;2.106014400000
4406506666;41.547148500000;2.106996300000
4406506667;41.547149900000;2.106045700000
4406506668;41.547151900000;2.106001600000
4406506669;41.547153100000;2.106145500000
4406506670;41.547155300000;2.106466000000
4406506671;41.547156100000;2.107225200000
4406506672;41.547157600000;2.107027000000
4406506673;41.547160600000;2.106059600000
4406506674;41.547161900000;2.105988300000
4406506675;41.547165300000;2.106111100000
4406506676;41.547165500000;2.107497300000
4406506677;41.547168800000;2.105984800000
4406506678;41.547172600000;2.107211900000
4406506679;41.547173000000;2.106695800000
4406506680;41.547174500000;2.106067300000
4406506681;41.547174600000;2.107489300000
4406506682;41.547175500000;2.107268400000
4406506683;41.547179900000;2.105981800000
4406506684;41.547185000000;2.106436300000
4406506685;41.547186800000;2.106066500000
4406506686;41.547187900000;2.107542200000
4406506687;41.547190700000;2.107256300000
4406506688;41.547191600000;2.105983300000
4406506989;41.547191900000;2.107544100000
4406506990;41.547192500000;2.106075700000
4406506991;41.547194500000;2.106138600000
4406506992;41.547195700000;2.107541100000
4406506993;41.547196800000;2.106060800000
4406506994;41.547199000000;2.105989000000
4406506995;41.547205000000;2.106675900000
4406506996;41.547207600000;2.106049300000
4406506997;41.547208500000;2.106004700000
4406506998;41.547209600000;2.106719200000
4406506999;41.547212200000;2.106035600000
4406507000;41.547213600000;2.106018800000
4406507001;41.547217600000;2.106103100000
4406507002;41.547221200000;2.106097600000
4406507003;41.547223200000;2.107173400000
4406507004;41.547233500000;2.107282500000
4406507005;41.547234700000;2.106405700000
4406507006;41.547238200000;2.106645400000
4406507007;41.547242200000;2.107215600000
4406507008;41.547243200000;2.107435500000
4406507009;41.547248600000;2.107317200000
4406507010;41.547252500000;2.106312900000
4406507011;41.547259900000;2.106398100000
4406507012;41.547262300000;2.107260400000
4406507013;41.547264400000;2.106612600000
4406507014;41.547265000000;2.106145500000
4406507015;41.547266100000;2.107485800000
4406507016;41.547268700000;2.107483800000
4406507017;41.547270400000;2.107476100000
4406507018;41.547271900000;2.106884800000
4406507019;41.547274100000;2.106436300000
4406507020;41.547275500000;2.106156300000
4406507021;41.547277900000;2.107295300000
4406507022;41.547279300000;2.106903200000
4406507023;41.547280400000;2.106548500000
4406507024;41.547285000000;2.106476700000
4406507025;41.547297200000;2.106362600000
4406507026;41.547301600000;2.106862700000
4406507027;41.547306400000;2.106226200000
4406507028;41.547331800000;2.106493300000
4406507029;41.547335600000;2.107423900000
4406507030;41.547339800000;2.106504800000
4406507031;41.547351200000;2.106276000000
4428084379;41.547808000000;2.108972300000
4463386775;41.548542100000;2.109399600000
4478446394;41.546374900000;2.108616600000
4478476390;41.545222900000;2.108100300000
4510280487;41.569284700000;2.094529800000
4510280488;41.569300800000;2.094547000000
4510293689;41.569574000000;2.093805800000
4510293690;41.569720000000;2.093462300000
4510293691;41.569865900000;2.093113700000
4510293692;41.569877800000;2.093164800000
4574340742;41.548615200000;2.109996700000
4574340743;41.548610900000;2.109987200000
4574340745;41.548787500000;2.110371400000
4574340747;41.547999200000;2.110760200000
4689121772;41.546182700000;2.107298800000
4689121773;41.546034100000;2.107355100000
4689121774;41.546056200000;2.107690400000
4689121775;41.546098400000;2.107677000000
4689121776;41.546140500000;2.107859400000
4689121777;41.546210800000;2.107824500000
4689121778;41.546190700000;2.107725300000
4689121779;41.546281000000;2.107693100000
4689121780;41.546063500000;2.108115600000
4982676098;41.550998900000;2.106734200000
4982676099;41.550688400000;2.107262800000
4982676100;41.550325400000;2.107697800000
4982676101;41.549997400000;2.107975400000
4982676102;41.549514100000;2.108300000000
4982676103;41.551807600000;2.105011100000
4982676104;41.552105600000;2.104462400000
4982676105;41.552428600000;2.103947200000
4982676106;41.549108500000;2.108651300000
4982676107;41.549724500000;2.108410400000
4982676108;41.550034900000;2.108189600000
4982676109;41.550398000000;2.107878400000
4982676110;41.550988900000;2.107118900000
4982676111;41.551219300000;2.106714100000
4982676112;41.550701000000;2.107527100000
4982676113;41.551482200000;2.106135300000
4982676114;41.551732500000;2.105569900000
4982676115;41.552038000000;2.104971000000
4982676116;41.552278400000;2.104526000000
4982676117;41.548788000000;2.108731600000
4982676118;41.548045600000;2.108505100000
4982676120;41.548039600000;2.108520500000
4982677722;41.547015200000;2.108952400000
4982677723;41.546183900000;2.108992500000
4982677724;41.545855900000;2.108995900000
4982677725;41.545537900000;2.108955700000
4982677726;41.545252400000;2.108852000000
4982677727;41.544969500000;2.108718200000
4982677728;41.544626400000;2.108487300000
4982677729;41.544383500000;2.108296600000
4982677730;41.544123100000;2.108025600000
4982677731;41.543882700000;2.107717800000
4982677732;41.543684900000;2.107389900000
4982677733;41.543478100000;2.106950200000
4982677734;41.543279400000;2.106450000000
4982677735;41.543096300000;2.105836100000
4982677736;41.542939000000;2.105101100000
4982677737;41.542843700000;2.104394600000
4982677738;41.542790900000;2.103820800000
4982677739;41.542753800000;2.103255500000
4982677741;41.542726700000;2.102327900000
4982677742;41.542718300000;2.102049300000
4982677743;41.546941400000;2.108765900000
4982677744;41.546187000000;2.108837800000
4982677745;41.545810800000;2.108818600000
4982677746;41.545417700000;2.108714800000
4982677747;41.545224900000;2.108614500000
4982677748;41.544916900000;2.108423800000
4982677749;41.544588800000;2.108182900000
4982677750;41.544280800000;2.107871700000
4982677751;41.544017900000;2.107507000000
4982677752;41.543802600000;2.107102200000
4982677753;41.543627300000;2.106680700000
4982677754;41.543492000000;2.106208900000
4982677755;41.543286700000;2.105335700000
4982677756;41.543146500000;2.104716700000
4982677757;41.543076400000;2.104251700000
4982677760;41.542811600000;2.102302700000
4982755486;41.556023900000;2.099132700000
4982755487;41.556394400000;2.098671000000
4982755488;41.556870100000;2.098236100000
4982755489;41.557405900000;2.097848000000
4982755490;41.557841500000;2.097600400000
4982755491;41.558272100000;2.097426400000
4982755492;41.556204100000;2.098597400000
4982755493;41.556624700000;2.098169200000
4982755494;41.557150500000;2.097734200000
4982755495;41.557686300000;2.097419700000
4982755496;41.558166900000;2.097225700000
4982755497;41.558968100000;2.097250800000
4982755498;41.558985600000;2.097041700000
4982768370;41.542727700000;2.101696000000
4982773570;41.542674300000;2.101386800000
4982773571;41.542606700000;2.101038200000
5006011201;41.546471900000;2.104176100000
5029781605;41.545961400000;2.107848100000
5236135523;41.547594500000;2.109693900000
5257537543;41.546057700000;2.103047800000
5257569138;41.546363600000;2.104069200000
5257569139;41.546327400000;2.104747600000
5257569140;41.546661600000;2.104709700000
5257605850;41.546302900000;2.103706600000
5257605851;41.546266700000;2.103907800000
5257605852;41.546234600000;2.104468300000
5357452240;41.547409200000;2.108831400000
5417879358;41.547248600000;2.108754800000
5417888400;41.547497100000;2.108884700000
5417888401;41.547493000000;2.108806900000
5417888403;41.547449200000;2.108872800000
5417888432;41.547252700000;2.108902900000
5417888433;41.547490200000;2.108722700000
5417888434;41.547449200000;2.108806900000
5417888435;41.547361500000;2.108881000000
5417888436;41.547358800000;2.108758400000
5417888437;41.547449200000;2.108754800000
5480768139;41.547326000000;2.108130200000
5484092727;41.547326700000;2.107992800000
5484092728;41.547346400000;2.108039500000
5484092729;41.547318300000;2.108063900000
5484092730;41.547364700000;2.108139100000
5484092731;41.547322800000;2.108189900000
5484092732;41.547179800000;2.107985600000
5484092733;41.547240700000;2.107927700000
5484092734;41.547290900000;2.108024300000
5484092735;41.547845000000;2.108107800000
5484092736;41.547774100000;2.107938800000
5484092737;41.547865000000;2.108371500000
5484107969;41.547991900000;2.108465600000
5484107970;41.548183300000;2.108414800000
5484107971;41.548269700000;2.108390200000
5484118062;41.547772800000;2.108428700000
5484136625;41.547721100000;2.108440800000
5484136626;41.547694400000;2.108436800000
5484140689;41.547507900000;2.108398500000
5484155208;41.547074300000;2.107837300000
5484155209;41.547208200000;2.107898300000
5484155210;41.547247700000;2.107851600000
5484155211;41.547203600000;2.107750900000
5484155212;41.547159500000;2.107898300000
5484155747;41.547275200000;2.108240500000
5484158160;41.547385100000;2.108547700000
5484159175;41.547354000000;2.108561900000
5484160971;41.547127300000;2.108579200000
5484164937;41.546919400000;2.108403200000
5484175717;41.547182300000;2.108414500000
5484197758;41.547244500000;2.107618700000
5484197759;41.547279500000;2.107683700000
5484197760;41.547232400000;2.107733500000
5484197761;41.547204200000;2.107659300000
5484197762;41.547021700000;2.107753900000
5484197763;41.547231600000;2.107740700000
5484197882;41.547234000000;2.107687000000
5623153425;41.548209800000;2.107677800000
5623177122;41.548248900000;2.108013200000
5623177425;41.547981500000;2.107422800000
6005323140;41.552930100000;2.112632700000
6045035084;41.550169300000;2.113601000000
6045035385;41.550199600000;2.113675000000
6206114585;41.546214200000;2.108033000000
6217337993;41.546075500000;2.109437600000
6253760286;41.547179600000;2.109638600000
6253994185;41.548445800000;2.109053100000
6254087485;41.546085300000;2.109489800000
6254260487;41.549067300000;2.106296400000
6254260488;41.547406600000;2.109066100000
6254268686;41.547901400000;2.106841500000
6254273989;41.546113600000;2.109061700000
6372733797;41.549113500000;2.108474400000
6373886889;41.548805000000;2.107706100000
6373886890;41.546298600000;2.109078100000
6373899086;41.548868700000;2.107644900000
6374448187;41.548208200000;2.108507300000
6374533185;41.544784500000;2.108592700000
6420691885;41.546647600000;2.108924500000
6420691985;41.546408900000;2.109172600000
6421695785;41.548039400000;2.106911800000
6421695786;41.548290200000;2.109518600000
